product_name,total_sales
Service Pro,20046.28
Tool Max,18321.079999999998
Service A,16070.38
Widget Pro,15899.78
Module A,13961.01
Widget Lite,13788.29
Tool A,13657.130000000001
Module B,13473.06
Module Pro,13070.06
Gadget Pro,12211.65
